{"mean": [0.30272849453596473, 287.62073560593706, 95.22479530256075, 24.100667101614746, 290.20219213831353, 23.506133674042662], "std": [0.15311219292695394, 367.5834175779087, 30.169795480321604, 19.916897815407665, 283.20497985102327, 0.8879347341174885]}